"ID","Description","setSize","enrichmentScore","NES","pvalue","p.adjust","qvalue","rank","leading_edge","core_enrichment","Database","Contrast"
"HALLMARK_MYC_TARGETS_V1","HALLMARK_MYC_TARGETS_V1",186,-0.448345934216957,-2.03149821652467,5.12689232202773e-07,2.56344616101387e-05,2.05075692881109e-05,7716,"tags=63%, list=37%, signal=41%","COX5A/DDX21/CDC20/RNPS1/MCM5/PA2G4/PSMA2/SF3B3/TRA2B/RFC4/SNRPD1/CUL1/PRDX3/PPM1G/PSMA7/SET/SNRPG/HSPD1/ERH/PHB1/SRSF2/RPS5/PCNA/EIF3B/XRCC6/NOP16/HPRT1/ETF1/DDX18/ILF2/CDC45/TYMS/COPS5/SRM/IFRD1/PSMA4/CLNS1A/NOP56/USP1/PSMA1/TFDP1/ORC2/NOLC1/NPM1/PPIA/SYNCRIP/IMPDH2/RAN/CDK4/GSPT1/SRSF3/KARS1/TUFM/SSBP1/DEK/RSL1D1/POLE3/SNRPD3/CCT4/RANBP1/G3BP1/RPL18/NAP1L1/EIF3D/PSMD3/SERBP1/SNRPA/CCT3/SRPK1/PTGES3/PHB2/EIF2S2/RPLP0/TXNL4A/SLC25A3/UBE2L3/CCNA2/MAD2L1/HDDC2/EIF4E/KPNB1/PRDX4/UBE2E1/VDAC1/H2AZ1/STARD7/BUB3/RPL6/EIF4G2/RRM1/AP3S1/TCP1/TRIM28/PABPC1/KPNA2/PRPS2/LSM7/RPL34/RPS10/ACP1/U2AF1/EIF1AX/PCBP1/SF3A1/NHP2/CDK2/GLO1/MRPL9/RPS3/SNRPD2/HDGF/YWHAQ/DUT/RACK1/RPL14/PGK1/PRPF31/MYC","hallmark","G32A_vs_Ctrl_D65"
"HALLMARK_HYPOXIA","HALLMARK_HYPOXIA",182,-0.386905252911159,-1.74784194806092,0.000110417330539905,0.00276043326349763,0.0022083466107981,6414,"tags=45%, list=30%, signal=32%","LOX/GRHPR/HDLBP/GYS1/ETS1/NDRG1/F3/PPARGC1A/MAFF/BHLHE40/SLC25A1/LXN/CDKN1B/ZFP36/DUSP1/FOS/ADORA2B/ILVBL/TKTL1/S100A4/DPYSL4/ADM/SAP30/KLF6/RBPJ/MAP3K1/GBE1/FOXO3/HSPA5/NEDD4L/SCARB1/PFKP/TES/EFNA1/PPFIA4/PLIN2/DDIT4/PLAUR/IRS2/NOCT/KDM3A/MT2A/VHL/PAM/SIAH2/PPP1R15A/TMEM45A/STC1/PGM2/PNRC1/GPC4/SELENBP1/AMPD3/SULT2B1/BCAN/SLC2A1/MXI1/TPI1/STBD1/PFKFB3/GCK/KLF7/HK1/ERO1A/BTG1/HAS1/HMOX1/JMJD6/PDK1/GAPDH/CA12/P4HA1/JUN/TPD52/ENO1/FAM162A/GLRX/GPI/TIPARP/PGK1/HK2/ALDOA","hallmark","G32A_vs_Ctrl_D65"
"HALLMARK_MTORC1_SIGNALING","HALLMARK_MTORC1_SIGNALING",190,-0.367534787644541,-1.67010532283322,0.000471048070232991,0.00785080117054985,0.00628064093643988,6430,"tags=45%, list=30%, signal=32%","HPRT1/ETF1/PSMC2/PSMD12/CYP51A1/CDC25A/MAP2K3/COPS5/ELOVL5/IFRD1/HMBS/BHLHE40/FADS2/PSMA4/HSP90B1/CCNF/NMT1/TUBG1/RRM2/NUP205/PPIA/ME1/DHCR24/PITPNB/CACYBP/CTH/STIP1/SDF2L1/PSMD13/TFRC/SERPINH1/NIBAN1/RDH11/SLC1A5/AURKA/GBE1/HSPA5/GMPS/CFP/RPA1/IMMT/PPA1/SEC11A/EIF2S2/CTSC/TES/ATP6V1D/SLA/UBE2D3/DDIT4/DHFR/ATP2A2/SERP1/SSR1/PRDX1/MLLT11/PPP1R15A/TXNRD1/RPN1/STC1/RIT1/SRD5A1/GGA2/XBP1/CALR/MTHFD2L/EBP/PSMB5/SLC2A1/SCD/TPI1/DDX39A/LTA4H/CCNG1/ERO1A/PDK1/GAPDH/POLR3G/BCAT1/P4HA1/ENO1/GLRX/GPI/PGK1/HK2/ALDOA","hallmark","G32A_vs_Ctrl_D65"
"HALLMARK_INTERFERON_ALPHA_RESPONSE","HALLMARK_INTERFERON_ALPHA_RESPONSE",77,-0.445621589594594,-1.7574580226427,0.00162171185996041,0.0202713982495051,0.0162171185996041,3710,"tags=31%, list=18%, signal=26%","USP18/CMPK2/OGFR/IRF2/RIPK2/PARP12/TRIM25/SAMD9L/CNP/IFITM3/IFI44/IFI44L/BST2/IFITM1/TRIM21/B2M/MX1/PLSCR1/PARP9/SAMD9/IFIH1/EIF2AK2/ADAR/ISG15","hallmark","G32A_vs_Ctrl_D65"
"HALLMARK_G2M_CHECKPOINT","HALLMARK_G2M_CHECKPOINT",195,-0.3337148510172,-1.52139352595071,0.00282091097308489,0.0282091097308489,0.0225672877846791,7690,"tags=56%, list=36%, signal=36%","CDC20/BUB1/MCM5/NUP50/TRA2B/TGFB1/SNRPD1/TROAP/CTCF/CUL1/CDKN2C/SLC7A1/CDC6/RBM14/KIF22/LMNB1/E2F4/HIF1A/EWSR1/SUV39H1/KIF23/FOXN3/KIF4A/AMD1/SRSF2/HSPA8/EXO1/DBF4/MEIS2/RAD54L/NCL/EZH2/CDK1/RBL1/NUP98/ODF2/HMGA1/CDC25A/CDC45/CDC27/HMGB3/CCNF/STAG1/TFDP1/CDKN1B/DKC1/NOLC1/SYNCRIP/BCL3/MKI67/CDK4/UPF1/GSPT1/TACC3/PRP4K/SMC4/CBX1/SLC12A2/CDKN3/SAP30/MYBL2/AURKA/FBXO5/G3BP1/KIF11/UBE2C/CKS2/KIF2C/FANCC/CCNT1/GINS2/NUSAP1/STIL/CCNB2/HMGN2/DR1/CCNA2/MAD2L1/KPNB1/BIRC5/H2AZ2/MT2A/H2AZ1/KMT5A/BUB3/MAPK14/PTTG1/KPNA2/ABL1/SS18/UBE2S/LBR/CENPA/PRC1/CKS1B/RACGAP1/TOP1/TPX2/HOXC10/DDX39A/NEK2/MEIS1/PML/KATNA1/TMPO/MARCKS/BARD1/TLE3/MYC","hallmark","G32A_vs_Ctrl_D65"
"HALLMARK_PANCREAS_BETA_CELLS","HALLMARK_PANCREAS_BETA_CELLS",30,-0.570953064199719,-1.85371798943482,0.00428577941914011,0.0357148284928342,0.0285718627942674,5128,"tags=53%, list=24%, signal=40%","NKX2-2/PAK3/PAX6/SRP14/PCSK1/SEC11A/NEUROD1/ISL1/HNF1A/FOXA2/ELP4/GCK/INSM1/SST/NKX6-1/SCGN","hallmark","G32A_vs_Ctrl_D65"
"GOBP_CYTOPLASMIC_TRANSLATION","GOBP_CYTOPLASMIC_TRANSLATION",157,-0.470634424523514,-2.08418818072659,2.20845186690956e-07,0.00105674421831622,0.0010470386535327,5104,"tags=51%, list=24%, signal=39%","RPL13/MIF4GD/YTHDF2/RPL23/RPL21/RPSA2/CPEB2/RPL32/RPS15A/EEF2/RPS12/RPS13/RPS26/RPL18/RPL15/RPL37/RPL7/EIF3D/RPS14/SH3BGRL/EIF3F/EIF2S2/RPLP2/EIF3I/FTSJ1/RPS27/RPL28/RPLP0/RPL24/RPS7/RPL39/RPL29/RPL13A/METTL3/RPSA/RPS15/EIF5/FAU/RPL6/YBX1/RPS29/RPL26/RPS20/PABPC1/RPL35/RPL38/RPL11/RPS27A/RBM4/RPS28/RPL8/RPL10A/RPL34/RPS21/RPS16/RPS10/RPLP1/RPL10/RPL36/EIF2S3/PKM/RPL19/UBA52/RPL27/RPS23/EIF2D/NCK1/RPL27A/RPS3/MCTS2/EIF3G/RPL22L1/RPL23A/RACK1/RPL14/RWDD1/RPL35A/RPL41/AKT2/RPL36A","gobp","G32A_vs_Ctrl_D65"
"GOBP_GLYCOLYTIC_PROCESS_THROUGH_GLUCOSE_6_PHOSPHATE","GOBP_GLYCOLYTIC_PROCESS_THROUGH_GLUCOSE_6_PHOSPHATE",20,-0.775541583313302,-2.28010814631326,4.73281317810334e-06,0.00785653648127928,0.00778437888394256,1656,"tags=50%, list=8%, signal=46%","PKM/TPI1/GCK/HK1/PGAM1/HK3/ENO1/GPI/PGK1/HK2","gobp","G32A_vs_Ctrl_D65"
"GOBP_REGULATION_OF_VIRAL_PROCESS","GOBP_REGULATION_OF_VIRAL_PROCESS",115,-0.472293051919307,-1.99571197506562,6.44948422692831e-06,0.00785653648127928,0.00778437888394256,5986,"tags=49%, list=28%, signal=35%","DHX9/BSG/AXL/NECTIN2/ZFP36/UBP1/PPIA/IFIT1/RAD23A/ZNFX1/SHFL/BANF1/ARK2N/DDB1/TRIM13/DDX5/SRPK1/PTX3/P4HB/STOM/TRIM32/PKN2/MAVS/DYNLT1/TRIM25/TRIM11/TRIM28/PABPC1/KPNA2/IFITM3/HMGA2/BST2/TYRO3/MDFIC/PPIH/TBC1D20/IFIT5/SP100/HACD3/IFITM1/CNOT7/TRIM21/STAU1/IFI16/TNIP1/MX1/HEXIM1/STAT1/ZC3HAV1/PLSCR1/PDE12/IFIH1/EIF2AK2/ADAR/ISG15/OAS3","gobp","G32A_vs_Ctrl_D65"
"GOBP_CILIUM_ORGANIZATION","GOBP_CILIUM_ORGANIZATION",434,0.33178231546172,1.58979671549323,6.56763760190536e-06,0.00785653648127928,0.00778437888394256,6609,"tags=44%, list=31%, signal=31%","OFD1/CC2D2B/TBC1D15/DAW1/WDPCP/FBF1/CATIP/CEP290/CENPJ/IFT74/DISC1/CFAP221/TBC1D7/WDR11/CPLANE1/TMEM17/CCDC15/HYLS1/PIERCE2/HOATZ/DNAI3/PFN4/CEP78/CFAP410/STK36/BBS10/RPGRIP1/CCDC88A/PKHD1/AHI1/TTC17/PCNT/ZMYND12/TTLL3/IFT88/IFT172/FAM149B1/FBXO24/ELMOD1/TOGARAM1/DYNC2LI1/ODAD2/CEP164/KIAA0586/DCDC2/TBC1D31/CCDC66/BBOF1/KIF3B/CFAP47/ARL6/TBC1D32/ENTR1/CFAP69/CEP162/CEP350/C2CD3/TRAPPC14/PTPDC1/TEKT3/PCM1/TBC1D19/RPGRIP1L/TAPT1/CLCN4/TBC1D2/GAS8/ODAD4/IFT27/KLC3/CFAP91/CFAP46/CFAP70/TTC8/CEP250/NME5/CFAP97D1/IFT70B/USP9X/EHD3/DMD/HYDIN/TTC12/SYNE2/DNAI4/CFAP157/TBC1D10C/BBS4/CFAP54/CC2D2A/CIMAP3/TTC21A/RPGR/CEP83/SPAG6/CEP41/HTT/CFAP58/CCP110/KIAA0753/DNAH7/NUDCD3/TBC1D5/DNAI1/SPEF1/RTTN/SEPTIN7/CCDC146/DNAH2/DRC7/SPEF2/IFT122/UBXN10/DZIP1/TTC29/TBC1D22A/HDAC6/WDR90/NME7/CFAP100/CFAP263/GSN/CFAP74/TCTN1/TEKT4/WDR19/CCDC103/DNAH1/SEPTIN9/INTU/KIF27/CFAP43/IFT43/BBS1/DYNC2I1/MKS1/BBS5/CFAP184/FOXJ1/DNAAF1/MAK/RSPH4A/BBS7/FUZ/WRAP73/LPAR1/TTC21B/TTLL1/TXNDC15/ODF2L/CIBAR1/PIBF1/KIFAP3/PLA2G3/CEP97/ARMC2/LCA5/ATXN10/DRC1/SPAG16/TMEM231/LRRC46/IFT46/RABGAP1/INPP5E/CFAP44/ADAMTS16/ELMOD3/IQCB1/DNAAF3/CFAP61/CCNO/AKT1/TBC1D14/CEP126/DNHD1/LCA5L/EVI5L/KIF24/ATG5/CLXN/LRGUK/ODAD1/MICALL1/CSNK1D/NEK1/CROCC/PRICKLE1/MAPRE1/CEP120/KCNQ1/RAB11FIP3","gobp","G32A_vs_Ctrl_D65"
"GOBP_ANTIGEN_PROCESSING_AND_PRESENTATION_OF_EXOGENOUS_PEPTIDE_ANTIGEN_VIA_MHC_CLASS_II","GOBP_ANTIGEN_PROCESSING_AND_PRESENTATION_OF_EXOGENOUS_PEPTIDE_ANTIGEN_VIA_MHC_CLASS_II",15,-0.792344995474993,-2.16500105053234,4.29128572893691e-05,0.0256672527662039,0.0254315143725419,754,"tags=20%, list=4%, signal=19%","B2M/CTSS/CTSF","gobp","G32A_vs_Ctrl_D65"
"GOBP_REGULATION_OF_VIRAL_GENOME_REPLICATION","GOBP_REGULATION_OF_VIRAL_GENOME_REPLICATION",65,-0.548620330460929,-2.09936424890453,3.02920636555345e-05,0.0256672527662039,0.0254315143725419,2555,"tags=34%, list=12%, signal=30%","TRIM28/PABPC1/IFITM3/HMGA2/BST2/PPIH/IFIT5/HACD3/IFITM1/CNOT7/STAU1/IFI16/TNIP1/MX1/ZC3HAV1/PLSCR1/PDE12/IFIH1/EIF2AK2/ADAR/ISG15/OAS3","gobp","G32A_vs_Ctrl_D65"
"GOBP_NEGATIVE_REGULATION_OF_VIRAL_PROCESS","GOBP_NEGATIVE_REGULATION_OF_VIRAL_PROCESS",58,-0.555360330455324,-2.08134918059666,4.15733585465126e-05,0.0256672527662039,0.0254315143725419,5604,"tags=57%, list=27%, signal=42%","ZFP36/UBP1/PPIA/IFIT1/ZNFX1/SHFL/BANF1/ARK2N/TRIM13/SRPK1/PTX3/TRIM32/MAVS/TRIM11/TRIM28/IFITM3/HMGA2/BST2/IFIT5/SP100/IFITM1/TRIM21/IFI16/TNIP1/MX1/HEXIM1/STAT1/ZC3HAV1/PLSCR1/IFIH1/EIF2AK2/ISG15/OAS3","gobp","G32A_vs_Ctrl_D65"
"GOBP_REGULATION_OF_VIRAL_LIFE_CYCLE","GOBP_REGULATION_OF_VIRAL_LIFE_CYCLE",93,-0.476347706100658,-1.94523218379597,4.11950151984899e-05,0.0256672527662039,0.0254315143725419,2638,"tags=28%, list=12%, signal=25%","TRIM11/TRIM28/PABPC1/KPNA2/IFITM3/HMGA2/BST2/TYRO3/PPIH/IFIT5/HACD3/IFITM1/CNOT7/TRIM21/STAU1/IFI16/TNIP1/MX1/ZC3HAV1/PLSCR1/PDE12/IFIH1/EIF2AK2/ADAR/ISG15/OAS3","gobp","G32A_vs_Ctrl_D65"
"GOBP_VIRAL_GENOME_REPLICATION","GOBP_VIRAL_GENOME_REPLICATION",100,-0.461777697384838,-1.90826587167492,5.36780369233812e-05,0.0285388229642644,0.028276710912621,5484,"tags=43%, list=26%, signal=32%","PPIA/IFIT1/RAD23A/ZNFX1/SHFL/VAPA/DEK/BANF1/DDB1/PPIB/DDX5/SRPK1/STOM/PKN2/LAMTOR5/MAVS/EEF1A1/TRIM28/PABPC1/IFITM3/HMGA2/BST2/PPIH/TBC1D20/IFIT5/PCBP1/HACD3/DDX56/IFITM1/CNOT7/STAU1/IFI16/TNIP1/PCBP2/MX1/ZC3HAV1/PLSCR1/PDE12/IFIH1/EIF2AK2/ADAR/ISG15/OAS3","gobp","G32A_vs_Ctrl_D65"
"GOBP_VIRAL_PROCESS","GOBP_VIRAL_PROCESS",339,-0.325511878122895,-1.58348675053803,8.84074222014516e-05,0.0423029515233946,0.0419144241679303,5632,"tags=36%, list=27%, signal=27%","NECTIN3/GSK3A/ZFP36/VPS4B/NPC1/UBP1/PPIA/CHMP4C/CTSB/IFIT1/RAN/PRMT1/RAD23A/ZNFX1/EIF3A/SHFL/CFL1/VAPA/TFRC/PARP10/DEK/BANF1/BICD1/ARK2N/RCC1/SLC1A5/MGAT4C/DDB1/PPIB/OAZ2/TRIM13/CREB3/EIF3D/DDX5/CCNT1/SCARB1/SRPK1/UVRAG/EIF3F/PTX3/ST3GAL4/P4HB/STOM/TRIM32/PKN2/TAF11/MGAT1/ZNF639/CHMP4B/LAMTOR5/PTBP1/OAZ3/NRP1/MAVS/BRD4/DYNLT1/TRIM25/EEF1A1/RPSA/SLC10A1/ZDHHC9/ITGA2/TRIM11/REST/TRIM28/PABPC1/MON1B/NEDD4/KPNA2/IFITM3/USF2/EFNB2/MOGS/HMGA2/BST2/TYRO3/SELPLG/JPT2/MDFIC/PPIH/RAB1B/TBC1D20/WWP1/IFIT5/SP100/PCBP1/HACD3/DDX56/SIGLEC1/IFITM1/CBL/CHMP1B/ZDHHC20/EIF2D/ST6GAL1/CNOT7/TRIM21/EP300/STAU1/OAZ1/RNASEK/CTDP1/SP1/IFI16/SNW1/EIF3G/TNIP1/PCBP2/MX1/HEXIM1/MGAT5/STAT1/ZC3HAV1/JUN/PLSCR1/PARP9/PDE12/IFIH1/EIF2AK2/ADAR/ISG15/OAS3","gobp","G32A_vs_Ctrl_D65"
"GOCC_RIBOSOME","GOCC_RIBOSOME",208,-0.494744933273131,-2.27425631738492,8.25659951996452e-11,5.17688789901775e-08,5.00610665631533e-08,6543,"tags=57%, list=31%, signal=40%","MRPS15/RPL18A/EIF2AK4/RPL12/ETF1/MRPL57/MRPL46/SRP68/MRPS2/LARP4/RNF14/MRPL12/RPL4/EIF2A/RPS27L/RPS24/RNF10/MRPS17/NPM1/NSUN4/RPS11/PELO/RPL36AL/MRPS28/GSPT1/RPL13/RPL23/RPL21/RPSA2/MRPS18C/RPL32/RPS15A/EEF2/MRPS14/RPS12/RPS13/RPS26/SF1/RPL18/MRPL34/RPL15/RPL37/RPL7/MRPS25/RPS14/MRPL27/RPLP2/RBM3/DNAJC21/RPS27/RPL28/RPLP0/MRPL54/RPL24/RPL39L/RPS7/MRPL18/RPL39/MRPS35/MRPS33/MRPL55/SERP1/RPL29/RPL13A/EEF1A1/RPSA/RPS15/FAU/RPL6/MRPS34/RPS29/RPL26/RPS20/RPL35/RPL38/RPL11/RPS27A/GADD45GIP1/MRPL17/MRPL52/MRPL21/RPS28/RPL8/RPL10A/RPL34/RPS21/RPS16/CALR/NR0B1/RPS10/RPLP1/RPL10/RPL36/CHCHD1/MRPL43/RPL19/UBA52/RPL27/MRPS22/RPS23/MRPL36/MRPS21/NCK1/MRPL9/RPL27A/RPS3/MRPL41/MRPL53/RPL22L1/RPL23A/RACK1/RPL14/MRPL48/RPL35A/RPL41/EIF2AK2/RPL36A/RPS4Y1","gocc","G32A_vs_Ctrl_D65"
"GOCC_CYTOSOLIC_RIBOSOME","GOCC_CYTOSOLIC_RIBOSOME",103,-0.584960484967322,-2.42770666970211,1.33987972611074e-09,2.80034862757144e-07,2.70796744645539e-07,6499,"tags=72%, list=31%, signal=50%","RPL18A/EIF2AK4/RPL12/ETF1/LARP4/RNF14/RPL4/EIF2A/RPS27L/RPS24/RNF10/RPS11/PELO/RPL36AL/GSPT1/RPL13/RPL23/RPL21/RPSA2/RPL32/RPS15A/RPS12/RPS13/RPS26/RPL18/RPL15/RPL37/RPL7/RPS14/RPLP2/RPS27/RPL28/RPLP0/RPL24/RPL39L/RPS7/RPL39/RPL29/RPL13A/EEF1A1/RPSA/RPS15/FAU/RPL6/RPS29/RPL26/RPS20/RPL35/RPL38/RPL11/RPS27A/RPS28/RPL8/RPL10A/RPL34/RPS21/RPS16/RPS10/RPLP1/RPL10/RPL36/RPL19/UBA52/RPL27/RPS23/RPL27A/RPS3/RPL23A/RACK1/RPL14/RPL35A/RPL41/RPL36A/RPS4Y1","gocc","G32A_vs_Ctrl_D65"
"GOCC_RIBOSOMAL_SUBUNIT","GOCC_RIBOSOMAL_SUBUNIT",168,-0.509159429437234,-2.27643490483138,1.32821813206228e-09,2.80034862757144e-07,2.70796744645539e-07,4880,"tags=48%, list=23%, signal=37%","RPL21/RPSA2/MRPS18C/RPL32/RPS15A/MRPS14/RPS12/RPS13/RPS26/RPL18/MRPL34/RPL15/RPL37/RPL7/MRPS25/RPS14/MRPL27/RPLP2/RBM3/RPS27/RPL28/RPLP0/MRPL54/RPL24/RPL39L/RPS7/MRPL18/RPL39/MRPS35/MRPS33/MRPL55/RPL29/RPL13A/RPSA/RPS15/FAU/RPL6/MRPS34/RPS29/RPL26/RPS20/RPL35/RPL38/RPL11/RPS27A/GADD45GIP1/MRPL17/MRPL52/MRPL21/RPS28/RPL8/RPL10A/RPL34/RPS21/RPS16/RPS10/RPLP1/RPL10/RPL36/CHCHD1/MRPL43/RPL19/UBA52/RPL27/MRPS22/RPS23/MRPL36/MRPS21/MRPL9/RPL27A/RPS3/MRPL41/MRPL53/RPL23A/RACK1/RPL14/MRPL48/RPL35A/RPL41/RPL36A/RPS4Y1","gocc","G32A_vs_Ctrl_D65"
"GOCC_CYTOSOLIC_LARGE_RIBOSOMAL_SUBUNIT","GOCC_CYTOSOLIC_LARGE_RIBOSOMAL_SUBUNIT",51,-0.67249675047064,-2.45043575786474,5.69861859544624e-08,8.93258464836198e-06,8.63790608151851e-06,5104,"tags=71%, list=24%, signal=54%","RPL13/RPL23/RPL21/RPL32/RPL18/RPL15/RPL37/RPL7/RPLP2/RPL28/RPLP0/RPL24/RPL39L/RPL39/RPL29/RPL13A/RPL6/RPL26/RPL35/RPL38/RPL11/RPL8/RPL10A/RPL34/RPLP1/RPL10/RPL36/RPL19/UBA52/RPL27/RPL27A/RPL23A/RPL14/RPL35A/RPL41/RPL36A","gocc","G32A_vs_Ctrl_D65"
"GOCC_LARGE_RIBOSOMAL_SUBUNIT","GOCC_LARGE_RIBOSOMAL_SUBUNIT",106,-0.535799402191101,-2.23534367060169,1.40216346150993e-07,1.75831298073345e-05,1.70030769227309e-05,4446,"tags=49%, list=21%, signal=39%","RPL13/RPL23/RPL21/RPL32/RPL18/MRPL34/RPL15/RPL37/RPL7/MRPL27/RPLP2/RBM3/RPL28/RPLP0/MRPL54/RPL24/RPL39L/MRPL18/RPL39/MRPL55/RPL29/RPL13A/RPL6/RPL26/RPL35/RPL38/RPL11/GADD45GIP1/MRPL17/MRPL52/MRPL21/RPL8/RPL10A/RPL34/RPLP1/RPL10/RPL36/MRPL43/RPL19/UBA52/RPL27/MRPL36/MRPL9/RPL27A/MRPL41/MRPL53/RPL23A/RPL14/MRPL48/RPL35A/RPL41/RPL36A","gocc","G32A_vs_Ctrl_D65"
"GOCC_CILIARY_PLASM","GOCC_CILIARY_PLASM",173,0.442245865612898,1.92146995066077,1.14728116477462e-06,0.000119890881718947,0.000115935780861435,6416,"tags=50%, list=30%, signal=35%","WDPCP/CFAP141/CFAP221/WDR11/PIERCE2/DNAI3/RPGRIP1/DYNLT4/EFHC1/TTLL3/DNAH12/IFT172/TOGARAM1/DYNC2LI1/ODAD2/DCDC2/CCDC66/BBOF1/CIMIP2C/ARL6/RIBC2/CEP162/TEKT3/ARFGEF2/RPGRIP1L/GAS8/ODAD4/CFAP251/CFAP91/CFAP46/EFCAB6/CFAP70/CFAP45/NME5/IFT70B/HYDIN/ROPN1L/DNAI4/PIK3R4/CFAP54/SPAG6/ATG14/RIBC1/NEK4/BRWD1/DNAH7/DNAI1/SPEF1/SEPTIN7/CCDC146/DNAH2/DNAI7/NME7/CFAP100/CFAP263/CFAP74/CFAP210/TEKT4/CCDC103/DNAH1/EFHC2/SEPTIN9/CFAP43/BBS1/BBS5/CFAP184/DNAAF1/MAK/RSPH4A/BBS7/KIFAP3/LCA5/CFAP52/DRC1/SPAG16/CFAP77/PRKAR1A/INPP5E/PACRG/CFAP61/CFAP276/CAMSAP3/DNHD1/LCA5L/ATG5/ODAD1","gocc","G32A_vs_Ctrl_D65"
"GOCC_VESICLE_TETHERING_COMPLEX","GOCC_VESICLE_TETHERING_COMPLEX",60,0.52573007217193,1.93102197245386,6.46838172466695e-05,0.00569508743643401,0.005507211220324,3529,"tags=35%, list=17%, signal=29%","EXOC3L2/TRAPPC12/COG7/RINT1/TRAPPC8/VPS16/VPS39/WASHC1/EIPR1/EXOC3/HOOK2/VPS33B/EXOC1/STX17/MYRIP/TNFAIP2/TRAPPC14/VPS8/COG1/COG4/VPS41","gocc","G32A_vs_Ctrl_D65"
"GOCC_TRANSCRIPTION_REGULATOR_COMPLEX","GOCC_TRANSCRIPTION_REGULATOR_COMPLEX",441,-0.308165088508378,-1.53756819136409,7.26645924903861e-05,0.00569508743643401,0.005507211220324,4001,"tags=27%, list=19%, signal=22%","RCOR1/MTA3/NR6A1/SKOR2/CDK2AP2/CTNNB1/BMAL2/SSBP3/HAX1/GTF2E1/MED19/TAF11/TLE2/PITX2/RBBP7/TEAD1/NFATC3/SP3/PHF12/SMAD1/DR1/CREB1/CBFB/TAF3/RB1/HCLS1/HDAC4/GSC/DMBX1/E2F6/E2F5/ATXN7/MIDEAS/NEUROD1/PYGO2/JUND/POU4F1/MXD1/ISL1/REST/LIN37/SMAD2/TRIM28/TFDP2/SIX6/ETV3/GTF3C4/TEAD2/GTF2E2/CRX/ONECUT3/TRERF1/TCF3/SMAD5/MED8/TAF8/MED28/CDK2AP1/STAT5B/XBP1/RFXANK/SIN3A/DEPDC1/INSM2/BEX1/LIN54/PBX3/TAL1/MXI1/ARNT/E2F8/NPAS4/ADNP/TAF7/CDK2/NONO/NHLH2/GATA2/TCF15/ATF4/MEIS1/YAP1/MBD2/MED26/ARNT2/EP300/TFEB/CREBBP/TAF4B/ATF7/SP1/POU3F2/TAF7L/INSM1/RARG/HDGF/ING2/GTF2F1/TCF7L2/RELA/ARID5A/TBP/RBBP4/SIX3/CTNNBIP1/TBL1X/YY1/STAT1/LIMD1/JUN/HOXB13/HELT/SOX15/SATB2/SOX18/TLE3/SIX2/MYB/MYC","gocc","G32A_vs_Ctrl_D65"
"GOCC_PIGMENT_GRANULE","GOCC_PIGMENT_GRANULE",107,-0.425994335959549,-1.77966059547785,0.000410142584863326,0.0285732667454784,0.0276306583486872,6215,"tags=51%, list=29%, signal=36%","YWHAZ/ANKRD27/HSP90AA1/GANAB/BSG/MFSD12/HSP90B1/ABCB6/MYO7A/ITGB1/CTSB/BACE2/PDIA4/PDIA3/RAN/SYNGR1/TFRC/RAB29/AHCY/CCT4/SLC1A5/DTNBP1/PDIA6/PPIB/HSPA5/NAP1L1/GCHFR/RAB5B/SND1/P4HB/STOM/CD63/TMED10/CNP/PRDX1/RAC1/CAPG/RPN1/SDCBP/RAB35/GGH/ATP6V1B2/RAB27B/SLC2A1/SYPL1/MLANA/SERPINF1/MREG/TYRP1/ERP29/PMEL/GNA13/DCT/TYR/SLC45A2","gocc","G32A_vs_Ctrl_D65"
"GOMF_STRUCTURAL_CONSTITUENT_OF_RIBOSOME","GOMF_STRUCTURAL_CONSTITUENT_OF_RIBOSOME",144,-0.549384059283689,-2.4036512356852,4.06211173760834e-11,4.16366453104855e-08,4.10914671562276e-08,4880,"tags=54%, list=23%, signal=42%","RPL13/RPL23/RPL21/RPSA2/MRPS18C/RPL32/RPS15A/MRPS14/RPS12/RPS13/RPS26/RPL18/MRPL34/RPL15/RPL37/RPL7/MRPS25/RPS14/MRPL27/RPLP2/RPS27/RPL28/RPLP0/MRPL54/RPL24/RPL39L/RPS7/MRPL18/RPL39/MRPS35/MRPS33/MRPL55/RPL29/RPL13A/RPSA/RPS15/FAU/RPL6/MRPS34/RPS29/RPL26/RPS20/RPL35/RPL38/RPL11/RPS27A/MRPL17/MRPL52/MRPL21/RPS28/RPL8/RPL10A/RPL34/RPS21/RPS16/RPS10/RPLP1/RPL10/RPL36/MRPL43/RPL19/UBA52/RPL27/MRPS22/RPS23/MRPL36/MRPS21/MRPL9/RPL27A/RPS3/MRPL41/RPL22L1/RPL23A/RPL14/RPL35A/RPL41/RPL36A/RPS4Y1","gomf","G32A_vs_Ctrl_D65"
"KEGG_MEDICUS_REFERENCE_TRANSLATION_INITIATION","KEGG_MEDICUS_REFERENCE_TRANSLATION_INITIATION",74,-0.655391396177049,-2.57157096521193,7.88876893969975e-10,2.80051297359341e-07,2.80051297359341e-07,5104,"tags=74%, list=24%, signal=57%","RPL13/RPL23/RPL21/RPL32/RPS15A/RPS12/RPS13/RPS26/RPL18/RPL15/RPL37/RPL7/RPS14/RPLP2/RPS27/RPL28/RPLP0/RPL24/RPS7/RPL39/RPL29/RPL13A/RPSA/RPS15/FAU/RPL6/RPS29/RPL26/RPS20/RPL35/RPL38/RPL11/RPS27A/RPS28/RPL8/RPL10A/RPL34/RPS21/RPS16/RPS10/RPLP1/RPL10/RPL36/RPL19/UBA52/RPL27/RPS23/RPL27A/RPS3/RPL23A/RPL14/RPL35A/RPL41/RPL36A/RPS4Y1","kegg","G32A_vs_Ctrl_D65"
"REACTOME_SRP_DEPENDENT_COTRANSLATIONAL_PROTEIN_TARGETING_TO_MEMBRANE","REACTOME_SRP_DEPENDENT_COTRANSLATIONAL_PROTEIN_TARGETING_TO_MEMBRANE",103,-0.618778258196346,-2.56964090189,7.63663606311122e-12,9.88944370172903e-09,8.70576511194679e-09,5478,"tags=68%, list=26%, signal=51%","RPS11/RPL36AL/SRP72/SEC61B/RPL13/RPL23/RPL21/RPL32/RPS15A/RPS12/RPS13/RPS26/RPL18/RPL15/RPL37/RPL7/RPS14/TRAM1/SRP14/SEC11A/RPLP2/RPS27/RPL28/RPLP0/RPL24/RPL39L/RPS7/RPL39/SPCS2/SSR1/RPL29/RPL13A/RPSA/RPS15/FAU/RPL6/RPS29/RPL26/RPS20/RPN1/RPL35/RPL38/RPL11/RPS27A/SEC61G/RPS28/RPL8/SSR4/RPL10A/RPL34/RPS21/RPS16/RPS10/RPLP1/RPL10/RPL36/RPL19/UBA52/RPL27/RPS23/RPL27A/RPS3/RPL22L1/RPL23A/SSR2/RPL14/RPL35A/RPL41/RPL36A/RPS4Y1","reactome","G32A_vs_Ctrl_D65"
"REACTOME_EUKARYOTIC_TRANSLATION_ELONGATION","REACTOME_EUKARYOTIC_TRANSLATION_ELONGATION",83,-0.642644950509732,-2.57115889008888,1.20290469884008e-10,7.78880792498952e-08,6.85655678338845e-08,5104,"tags=71%, list=24%, signal=54%","RPL13/RPL23/RPL21/RPL32/RPS15A/EEF2/RPS12/RPS13/RPS26/RPL18/RPL15/RPL37/RPL7/RPS14/RPLP2/RPS27/RPL28/RPLP0/RPL24/RPL39L/RPS7/RPL39/RPL29/RPL13A/EEF1A1/RPSA/RPS15/FAU/RPL6/RPS29/RPL26/RPS20/RPL35/RPL38/RPL11/RPS27A/RPS28/RPL8/RPL10A/RPL34/RPS21/RPS16/RPS10/RPLP1/RPL10/RPL36/RPL19/UBA52/RPL27/RPS23/RPL27A/RPS3/RPL22L1/RPL23A/RPL14/RPL35A/RPL41/RPL36A/RPS4Y1","reactome","G32A_vs_Ctrl_D65"
"REACTOME_EUKARYOTIC_TRANSLATION_INITIATION","REACTOME_EUKARYOTIC_TRANSLATION_INITIATION",109,-0.579640322439914,-2.43023566845821,3.80413067820434e-10,1.64211640942487e-07,1.44556965771765e-07,4703,"tags=64%, list=22%, signal=50%","RPS11/RPL36AL/EIF3A/RPL13/RPL23/RPL21/RPL32/RPS15A/RPS12/RPS13/RPS26/RPL18/RPL15/RPL37/RPL7/EIF3D/RPS14/EIF3F/EIF2S2/RPLP2/EIF3I/RPS27/RPL28/RPLP0/RPL24/RPL39L/RPS7/RPL39/RPL29/RPL13A/EIF4E/RPSA/RPS15/EIF5/FAU/RPL6/RPS29/RPL26/RPS20/PABPC1/RPL35/RPL38/RPL11/RPS27A/RPS28/RPL8/RPL10A/RPL34/RPS21/RPS16/RPS10/RPLP1/RPL10/EIF1AX/RPL36/EIF2S3/RPL19/UBA52/RPL27/RPS23/RPL27A/RPS3/EIF3G/RPL22L1/RPL23A/RPL14/RPL35A/RPL41/RPL36A/RPS4Y1","reactome","G32A_vs_Ctrl_D65"
"REACTOME_RESPONSE_OF_EIF2AK4_GCN2_TO_AMINO_ACID_DEFICIENCY","REACTOME_RESPONSE_OF_EIF2AK4_GCN2_TO_AMINO_ACID_DEFICIENCY",93,-0.585946221367687,-2.39156214385334,4.51624971721567e-09,1.46213584594857e-06,1.28713116940647e-06,5104,"tags=65%, list=24%, signal=49%","RPL13/RPL23/RPL21/RPL32/RPS15A/RPS12/RPS13/RPS26/RPL18/RPL15/RPL37/RPL7/RPS14/EIF2S2/RPLP2/RPS27/RPL28/RPLP0/RPL24/RPL39L/RPS7/RPL39/RPL29/RPL13A/RPSA/RPS15/FAU/RPL6/RPS29/RPL26/RPS20/RPL35/RPL38/RPL11/RPS27A/RPS28/RPL8/RPL10A/RPL34/RPS21/RPS16/RPS10/RPLP1/RPL10/RPL36/EIF2S3/RPL19/UBA52/RPL27/ATF4/RPS23/RPL27A/RPS3/RPL22L1/RPL23A/RPL14/RPL35A/RPL41/RPL36A/RPS4Y1","reactome","G32A_vs_Ctrl_D65"
"REACTOME_NONSENSE_MEDIATED_DECAY_NMD","REACTOME_NONSENSE_MEDIATED_DECAY_NMD",106,-0.555150538376255,-2.31719507131924,3.25959884428639e-08,6.20898224717157e-06,5.46582220986532e-06,5229,"tags=64%, list=25%, signal=49%","UPF1/GSPT1/RPL13/RPL23/PPP2R2A/RPL21/RPL32/RPS15A/GSPT2/RPS12/RPS13/RPS26/RPL18/RPL15/RPL37/RPL7/RPS14/RPLP2/RPS27/RPL28/RPLP0/RPL24/RPL39L/RPS7/RPL39/SMG8/RPL29/RPL13A/RPSA/RPS15/FAU/RPL6/PNRC2/RPS29/RPL26/RPS20/PABPC1/RPL35/RPL38/RPL11/RPS27A/RBM8A/RPS28/RPL8/DCP1A/RPL10A/RPL34/RPS21/RPS16/RPS10/RPLP1/RPL10/RPL36/RPL19/UBA52/RPL27/RPS23/SMG7/SMG5/RPL27A/RPS3/RPL22L1/RPL23A/RPL14/RPL35A/RPL41/RPL36A/RPS4Y1","reactome","G32A_vs_Ctrl_D65"
"REACTOME_INFLUENZA_INFECTION","REACTOME_INFLUENZA_INFECTION",144,-0.499239267758814,-2.18425866970942,4.18785942729519e-08,6.20898224717157e-06,5.46582220986532e-06,5104,"tags=55%, list=24%, signal=42%","RPL13/CLTA/RPL23/RPL21/GRSF1/RPL32/RPS15A/RPS12/RPS13/NUP58/RPS26/RPL18/RPL15/RPL37/RPL7/NUP93/RPS14/POLR2J/DNAJC3/RPLP2/POLR2D/RPS27/RPL28/RPLP0/RPL24/RPL39L/RPS7/POLR2E/RPL39/RPL29/RPL13A/POLR2I/KPNB1/RPSA/RPS15/FAU/RPL6/RPS29/RPL26/RPS20/RPL35/RPL38/RPL11/RPS27A/KPNA2/NUP43/POLR2C/RPS28/RPL8/RPL10A/RPL34/RPS21/RPS16/CALR/RPS10/RPLP1/RPL10/NDC1/RPL36/NUP35/RPL19/UBA52/RPL27/RPS23/RPL27A/RPS3/PABPN1/GTF2F1/RPL22L1/RPL23A/RPL14/IPO5/POLR2A/RPL35A/RPL41/EIF2AK2/ISG15/RPL36A/RPS4Y1","reactome","G32A_vs_Ctrl_D65"
"REACTOME_REGULATION_OF_EXPRESSION_OF_SLITS_AND_ROBOS","REACTOME_REGULATION_OF_EXPRESSION_OF_SLITS_AND_ROBOS",145,-0.495781092578398,-2.1714240831205,4.3151227972621e-08,6.20898224717157e-06,5.46582220986532e-06,5104,"tags=52%, list=24%, signal=40%","RPL13/PSMD13/RPL23/RPL21/PSMB4/RPL32/RPS15A/GSPT2/RPS12/PSMA5/RPS13/RPS26/PSMD11/RPL18/RPL15/RPL37/RPL7/USP33/PSMD3/RPS14/RPLP2/PSMB7/RPS27/RPL28/RPLP0/UBC/RPL24/RPL39L/RPS7/RPL39/RPL29/LHX2/RPL13A/MSI1/RPSA/RPS15/FAU/ISL1/RPL6/RPS29/RPL26/RPS20/PABPC1/RPL35/RPL38/RPL11/RPS27A/RBM8A/RPS28/RPL8/RPL10A/RPL34/RPS21/RPS16/RPS10/RPLP1/RPL10/PSMB5/ROBO1/RPL36/RPL19/UBA52/RPL27/RPS23/RPL27A/RPS3/ELOB/RPL22L1/RPL23A/RPL14/RPL35A/SEM1/RPL41/RPL36A/RPS4Y1/LHX9","reactome","G32A_vs_Ctrl_D65"
"REACTOME_SIGNALING_BY_ROBO_RECEPTORS","REACTOME_SIGNALING_BY_ROBO_RECEPTORS",188,-0.460132397612908,-2.08960386872551,4.30644471687526e-08,6.20898224717157e-06,5.46582220986532e-06,5299,"tags=49%, list=25%, signal=37%","CXCL12/NTN1/GSPT1/PFN1/RPL13/PSMD13/RPL23/AKAP5/RPL21/PSMB4/CDC42/PAK3/RPL32/RPS15A/GSPT2/RPS12/PSMA5/RPS13/RPS26/PSMD11/RPL18/RPL15/RPL37/RPL7/USP33/PSMD3/RPS14/EVL/RPLP2/PSMB7/PAK4/RPS27/RPL28/RPLP0/UBC/RPL24/RPL39L/RPS7/RPL39/NRP1/RPL29/LHX2/RPL13A/MSI1/RPSA/RAC1/RPS15/FAU/ISL1/RPL6/RPS29/RPL26/RPS20/PABPC1/RPL35/RPL38/RPL11/RPS27A/ABL1/RBM8A/RPS28/RPL8/RPL10A/RPL34/RPS21/RPS16/RPS10/RPLP1/RPL10/PSMB5/RHOA/ROBO1/RPL36/RPL19/UBA52/RPL27/RPS23/NCK1/RPL27A/RPS3/FLRT3/ELOB/RPL22L1/RPL23A/RPL14/PAK2/RPL35A/SEM1/RPL41/RPL36A/RPS4Y1/LHX9","reactome","G32A_vs_Ctrl_D65"
"REACTOME_TRANSLATION","REACTOME_TRANSLATION",270,-0.413740936739109,-1.96441090124782,3.19951360525935e-08,6.20898224717157e-06,5.46582220986532e-06,6624,"tags=54%, list=31%, signal=38%","RPS5/SRPRB/MRPS15/EIF3B/RPL18A/RPL12/ETF1/MRPL57/MRPL46/EIF4A2/EEF1A2/SRP68/MRPS2/MRPL12/RPL4/MTRF1L/RPS27L/NARS1/RPS24/DARS2/EIF2B4/SSR3/SRP54/MRPS17/FARSA/RPS11/TRMT112/RPL36AL/SRP72/N6AMT1/EIF3A/MRPS28/GSPT1/SEC61B/KARS1/TUFM/RPL13/RPL23/RPL21/MRPS18C/RPL32/RPS15A/EEF2/GSPT2/MRPS14/RPS12/RPS13/MARS2/RPS26/RPL18/MRPL34/YARS2/GARS1/RPL15/RPL37/RPL7/EIF3D/MRPS25/RPS14/TRAM1/MRPL27/SRP14/EIF3F/PPA1/SEC11A/EIF2S2/RPLP2/EIF3I/WARS2/RPS27/RPL28/RPLP0/MRPL54/RPL24/RPL39L/RPS7/MRPL18/RPL39/MRPS35/EARS2/SPCS2/MRPS33/MRPL55/SSR1/RPL29/RPL13A/EIF4E/EEF1A1/QARS1/RPSA/RPS15/EIF5/FAU/RPL6/MRPS34/RPS29/RPL26/RPS20/RPN1/PABPC1/RPL35/RPL38/RPL11/MTIF3/RPS27A/GADD45GIP1/MRPL17/SEC61G/MRPL52/MRPL21/RPS28/RPL8/SSR4/RPL10A/RPL34/RPS21/RPS16/RPS10/RPLP1/RPL10/EIF1AX/RPL36/CHCHD1/EIF2S3/MRPL43/RPL19/UBA52/RPL27/MRPS22/RPS23/MRPL36/MRPS21/MRPL9/RPL27A/RPS3/MRPL41/MRPL53/EIF3G/RPL22L1/RPL23A/SSR2/RPL14/MRPL48/RPL35A/RPL41/RPL36A/RPS4Y1","reactome","G32A_vs_Ctrl_D65"
"REACTOME_SELENOAMINO_ACID_METABOLISM","REACTOME_SELENOAMINO_ACID_METABOLISM",106,-0.547258120454309,-2.28425216548506,7.0602208562838e-08,9.14298600888752e-06,8.04865177616353e-06,5154,"tags=60%, list=24%, signal=46%","CTH/KARS1/RPL13/RPL23/RPL21/AHCY/RPL32/RPS15A/RPS12/RPS13/RPS26/SEPHS2/RPL18/RPL15/RPL37/RPL7/RPS14/RPLP2/RPS27/RPL28/RPLP0/RPL24/RPL39L/RPS7/RPL39/RPL29/RPL13A/QARS1/RPSA/RPS15/FAU/RPL6/RPS29/RPL26/GNMT/TXNRD1/RPS20/RPL35/RPL38/RPL11/RPS27A/RPS28/RPL8/RPL10A/RPL34/RPS21/RPS16/RPS10/RPLP1/RPL10/RPL36/RPL19/UBA52/RPL27/RPS23/RPL27A/RPS3/RPL22L1/RPL23A/RPL14/RPL35A/RPL41/RPL36A/RPS4Y1","reactome","G32A_vs_Ctrl_D65"
"REACTOME_RRNA_PROCESSING","REACTOME_RRNA_PROCESSING",184,-0.448547288132237,-2.03068552798175,2.72926214021357e-07,3.21308588325143e-05,2.82850803622133e-05,6676,"tags=54%, list=32%, signal=37%","NCL/RPS5/EXOSC5/NOL9/RPL18A/RPP40/RPL12/RRP36/UTP25/DDX52/MRM3/ISG20L2/RPL4/TRMT10C/RPS27L/RPS24/IMP4/WDR12/NOP56/PES1/DKC1/NSUN4/RPS11/TRMT112/RPL36AL/HSD17B10/NOL11/EXOSC6/RPL13/RPL23/IMP3/RPL21/RPL32/RPS15A/RPS12/RPS13/RPS26/RPL18/RPL15/RPL37/RPL7/UTP14A/UTP18/RPS14/RPLP2/NOP14/RPP38/FTSJ3/RPS27/RPL28/RPLP0/RPL24/RPL39L/RPS7/RPL39/XRN2/RPL29/RPL13A/RPSA/RPS15/FAU/RPL6/RPS29/SNU13/RPL26/RPS20/RPL35/RPL38/RPL11/RPS27A/NOB1/NOL12/TFB1M/RPS28/RPL8/RPL10A/RPL34/TEX10/RPS21/RPS16/RPS10/RPLP1/RPL10/RPL36/NHP2/RPL19/UBA52/SENP3/RPL27/RPS23/RPL27A/RPS3/RPL22L1/RPL23A/RPL14/RPL35A/RPL41/RPL36A/RPS4Y1","reactome","G32A_vs_Ctrl_D65"
"REACTOME_CELLULAR_RESPONSE_TO_STARVATION","REACTOME_CELLULAR_RESPONSE_TO_STARVATION",144,-0.476933630093128,-2.08666762348946,5.08704130708715e-07,5.48976541056488e-05,4.83268924173279e-05,5104,"tags=53%, list=24%, signal=40%","RPL13/ATP6V0E2/RPL23/RPL21/ATP6V0B/RPL32/RPS15A/RPS12/NPRL2/RPS13/RPS26/RPL18/RPL15/RPL37/RPL7/MIOS/RPS14/EIF2S2/RPLP2/ATP6V1D/RPS27/RPL28/RPLP0/RPL24/RPL39L/RPS7/LAMTOR5/RPL39/ATP6V0C/RPL29/RPL13A/SAMTOR/LAMTOR4/RPSA/RPS15/FAU/RPL6/RPS29/RPL26/RPS20/RRAGC/RPL35/RPL38/RPL11/RPS27A/ATP6V1B2/RPS28/RPL8/RPL10A/RPL34/RPS21/RPS16/RPS10/RPLP1/RPL10/RPL36/EIF2S3/ATP6V1E2/NPRL3/RPL19/UBA52/RPL27/FNIP2/ATF4/RPS23/RPL27A/MLST8/RPS3/RPL22L1/RPL23A/RPL14/RPL35A/RPL41/ATP6V1C2/RPL36A/RPS4Y1","reactome","G32A_vs_Ctrl_D65"
"REACTOME_ESTROGEN_DEPENDENT_GENE_EXPRESSION","REACTOME_ESTROGEN_DEPENDENT_GENE_EXPRESSION",116,-0.464341244231038,-1.96527656622257,1.17612776262062e-05,0.00117160419430285,0.00103137357645193,4498,"tags=38%, list=21%, signal=30%","H3C8/H2BC15/AXIN1/DDX5/CCNT1/PTGES3/POLR2J/CXXC5/POLR2D/ERBB4/H2BC5/POLR2E/CBFB/H2AC20/H4C9/POLR2I/ZNF217/H2AC6/FOSB/H2AZ2/JUND/H3-3A/KPNA2/POLR2C/USF2/H3C13/EP300/H4C15/CREBBP/SP1/GTF2F1/H3C10/TBP/YY1/H2BC6/JUN/POLR2A/H4C8/TLE3/H2BC9/H4C5/MYB/H4C11/MYC","reactome","G32A_vs_Ctrl_D65"
"REACTOME_SIGNALING_BY_NUCLEAR_RECEPTORS","REACTOME_SIGNALING_BY_NUCLEAR_RECEPTORS",232,-0.375630732018069,-1.75064627677767,1.32627646008153e-05,0.00122680572557541,0.00107996797463782,4968,"tags=34%, list=24%, signal=27%","KDM4B/GNG12/GNG8/RDH11/HDAC3/UHMK1/H2BC11/HSPB1/RARB/H3C8/H2BC15/AXIN1/FOXO3/DDX5/CCNT1/PTGES3/POLR2J/GNB1/CXXC5/FKBP5/POLR2D/ERBB4/H2BC5/RDH10/ALDH1A2/POLR2E/GNG5/CREB1/CBFB/H2AC20/H4C9/POLR2I/KDM3A/ZNF217/H2AC6/FOSB/H2AZ2/JUND/STRN/ABCG5/H3-3A/KPNA2/CYP26A1/POLR2C/USF2/ARL4C/H3C13/NOS3/AKR1C3/GNB2/SCD/PIK3R1/IGF1R/EP300/H4C15/CREBBP/S1PR3/SP1/PDK1/RARG/GTF2F1/PDPK1/ALDH1A3/GNB4/H3C10/TBP/CYP26C1/TBL1X/YY1/H2BC6/JUN/POLR2A/H4C8/AKT2/TLE3/H2BC9/H4C5/MYB/H4C11/MYC","reactome","G32A_vs_Ctrl_D65"
"REACTOME_SARS_COV_1_INFECTION","REACTOME_SARS_COV_1_INFECTION",125,-0.443043184586654,-1.89733289527589,2.27492255567373e-05,0.00196401647306499,0.00172894114231204,4698,"tags=45%, list=22%, signal=35%","RPS15A/RPS12/PPIB/RPS13/RPS26/BECN1/DDX5/RPS14/UVRAG/ST3GAL4/RPS27/UBC/MGAT1/TRAF3/RPS7/CHMP4B/MAVS/FKBP1A/RB1/TRIM25/KPNB1/EEF1A1/RPSA/RPS15/VHL/FAU/RPS29/RPS20/RPS27A/KPNA2/MAP1LC3B/MOGS/BST2/RPS28/PARP8/RIGI/RPS21/RPS16/RPS10/PPIH/PALS1/UBA52/RPS23/UBE2I/ST6GAL1/EP300/RPS3/PRKCSH/SP1/YWHAQ/PDPK1/RELA/PCBP2/PARP9/IFIH1/RPS4Y1","reactome","G32A_vs_Ctrl_D65"
"REACTOME_TRANSCRIPTIONAL_REGULATION_OF_GRANULOPOIESIS","REACTOME_TRANSCRIPTIONAL_REGULATION_OF_GRANULOPOIESIS",57,-0.572361241977034,-2.1335646212246,2.82280583102606e-05,0.00228470846948672,0.00201124915460607,5733,"tags=60%, list=27%, signal=44%","TFDP1/RXRA/CDK4/KMT2A/KLF5/DEK/FLI1/H2BC11/H3C8/H2BC15/H2BC5/CREB1/CBFB/H2AC20/H4C9/H2AC6/H2AZ2/H3-3A/TFDP2/H3C13/TAL1/CDK2/GATA2/PML/EP300/H4C15/H3C10/H2BC6/H4C8/H2BC9/H4C5/MYB/H4C11/MYC","reactome","G32A_vs_Ctrl_D65"
"REACTOME_INTERFERON_SIGNALING","REACTOME_INTERFERON_SIGNALING",219,-0.371764012591819,-1.7212621686867,3.0353096304815e-05,0.00231219174792561,0.00203544292867583,4519,"tags=33%, list=21%, signal=26%","NUP58/SAMHD1/CENPS/BECN1/HSPA5/IRF1/FANCC/NUP93/CAMK2D/TUBA3D/SMAD7/DNAJC3/EIF2S2/FKBP5/PPP2CB/CENPX/USP18/UBC/FAAP20/FANCG/IRF2/MAVS/TUBB1/TRIM25/EIF4E/KPNB1/PIAS1/UBE2E1/MT2A/EIF4G2/MID1/PTAFR/YBX1/PPP2R5A/JAK1/RPS27A/NEDD4/KPNA2/IFITM3/NUP43/IFI44/IFI44L/PPM1B/BST2/IFNGR2/RIGI/NDC1/IFIT5/SP100/EIF2S3/NUP35/UBA52/IFITM1/UBE2I/PML/NCK1/TRIM17/TRIM21/EIF2AK3/B2M/MX1/IRF5/STAT1/IP6K2/IFI6/PDE12/IFIH1/EIF2AK2/ADAR/ISG15/OAS3/HLA-A","reactome","G32A_vs_Ctrl_D65"
"REACTOME_RHO_GTPASES_ACTIVATE_PKNS","REACTOME_RHO_GTPASES_ACTIVATE_PKNS",59,-0.558735027729791,-2.09768767941843,3.57121816783546e-05,0.00243406711965628,0.00214273090070128,4743,"tags=44%, list=22%, signal=34%","H2BC11/CDC25C/H3C8/H2BC15/MYL6/PKN2/H2BC5/H2AC20/H4C9/H2AC6/H2AZ2/RAC1/H3-3A/RHOB/H3C13/RHOA/H4C15/AR/YWHAQ/PDPK1/H3C10/H2BC6/H4C8/H2BC9/H4C5/H4C11","reactome","G32A_vs_Ctrl_D65"
"REACTOME_ESR_MEDIATED_SIGNALING","REACTOME_ESR_MEDIATED_SIGNALING",176,-0.402430457359155,-1.81055080095159,3.4610027096991e-05,0.00243406711965628,0.00214273090070128,4968,"tags=36%, list=24%, signal=28%","KDM4B/GNG12/GNG8/UHMK1/H2BC11/HSPB1/H3C8/H2BC15/AXIN1/FOXO3/DDX5/CCNT1/PTGES3/POLR2J/GNB1/CXXC5/FKBP5/POLR2D/ERBB4/H2BC5/POLR2E/GNG5/CREB1/CBFB/H2AC20/H4C9/POLR2I/ZNF217/H2AC6/FOSB/H2AZ2/JUND/STRN/H3-3A/KPNA2/POLR2C/USF2/H3C13/NOS3/GNB2/PIK3R1/IGF1R/EP300/H4C15/CREBBP/S1PR3/SP1/GTF2F1/PDPK1/GNB4/H3C10/TBP/YY1/H2BC6/JUN/POLR2A/H4C8/AKT2/TLE3/H2BC9/H4C5/MYB/H4C11/MYC","reactome","G32A_vs_Ctrl_D65"
"REACTOME_ACTIVATION_OF_THE_MRNA_UPON_BINDING_OF_THE_CAP_BINDING_COMPLEX_AND_EIFS_AND_SUBSEQUENT_BINDING_TO_43S","REACTOME_ACTIVATION_OF_THE_MRNA_UPON_BINDING_OF_THE_CAP_BINDING_COMPLEX_AND_EIFS_AND_SUBSEQUENT_BINDING_TO_43S",52,-0.565979729303166,-2.07039917167832,3.82291316377392e-05,0.00247533627354361,0.00217906050335114,4698,"tags=79%, list=22%, signal=61%","RPS4X/RPS8/RPS19/EIF4B/EIF3E/RPS5/EIF3B/EIF4A2/RPS27L/RPS24/RPS11/EIF3A/RPS15A/RPS12/RPS13/RPS26/EIF3D/RPS14/EIF3F/EIF2S2/EIF3I/RPS27/RPS7/EIF4E/RPSA/RPS15/FAU/RPS29/RPS20/PABPC1/RPS27A/RPS28/RPS21/RPS16/RPS10/EIF1AX/EIF2S3/RPS23/RPS3/EIF3G/RPS4Y1","reactome","G32A_vs_Ctrl_D65"
"REACTOME_RUNX1_REGULATES_TRANSCRIPTION_OF_GENES_INVOLVED_IN_DIFFERENTIATION_OF_HSCS","REACTOME_RUNX1_REGULATES_TRANSCRIPTION_OF_GENES_INVOLVED_IN_DIFFERENTIATION_OF_HSCS",82,-0.486792560046121,-1.94399740950305,5.84296702843049e-05,0.00360316300086547,0.00317189638686227,4839,"tags=41%, list=23%, signal=32%","PSMB4/H2BC11/PSMA5/H3C8/H2BC15/PSMD11/PSMD3/PSMB7/H2BC5/UBC/CBFB/H2AC20/H4C9/H2AC6/H2AZ2/H3-3A/RPS27A/ABL1/TCF3/PSMB5/H3C13/TAL1/GATA2/UBA52/YAP1/H4C15/H3C10/H2BC6/SEM1/H4C8/H2BC9/H4C5/MYB/H4C11","reactome","G32A_vs_Ctrl_D65"
"REACTOME_MATERNAL_TO_ZYGOTIC_TRANSITION_MZT","REACTOME_MATERNAL_TO_ZYGOTIC_TRANSITION_MZT",77,-0.507685425554103,-2.00482282024331,7.42633084201227e-05,0.00400712435016912,0.00352750714995583,4525,"tags=47%, list=21%, signal=37%","PAIP2/H3C8/H2BC15/NPM2/KDM6B/KDM5B/CNOT8/SRPK1/CNOT6/POLR2D/H2BC5/H2AC20/H4C9/EIF4E/H2AC6/H2AZ2/H3-3A/PABPC1/CNOT1/H3C13/DPPA4/PABPN1L/YAP1/CNOT7/EP300/CNOT3/H4C15/CREBBP/PABPN1/KDM5A/H3C10/H2BC6/H4C8/H2BC9/H4C5/H4C11","reactome","G32A_vs_Ctrl_D65"
"REACTOME_SARS_COV_1_HOST_INTERACTIONS","REACTOME_SARS_COV_1_HOST_INTERACTIONS",84,-0.493085888948766,-1.97719235752999,6.93942244927881e-05,0.00400712435016912,0.00352750714995583,4698,"tags=50%, list=22%, signal=39%","RPS15A/RPS12/PPIB/RPS13/RPS26/RPS14/RPS27/UBC/TRAF3/RPS7/MAVS/FKBP1A/TRIM25/KPNB1/EEF1A1/RPSA/RPS15/FAU/RPS29/RPS20/RPS27A/KPNA2/BST2/RPS28/RIGI/RPS21/RPS16/RPS10/PPIH/PALS1/UBA52/RPS23/UBE2I/EP300/RPS3/SP1/YWHAQ/PDPK1/RELA/PCBP2/IFIH1/RPS4Y1","reactome","G32A_vs_Ctrl_D65"
"REACTOME_METABOLISM_OF_AMINO_ACIDS_AND_DERIVATIVES","REACTOME_METABOLISM_OF_AMINO_ACIDS_AND_DERIVATIVES",308,-0.335407618226912,-1.61550081685117,7.31699097041743e-05,0.00400712435016912,0.00352750714995583,5191,"tags=38%, list=25%, signal=29%","KYAT1/CTH/KARS1/PCBD1/RPL13/PSMD13/RPL23/OAT/FMO1/RPL21/PSMB4/ALDH18A1/AHCY/RPL32/RPS15A/RPS12/PSMA5/ALDH7A1/RPS13/ARG2/RPS26/OAZ2/IVD/GPT2/SEPHS2/PSMD11/RPL18/RPL15/RPL37/RPL7/RIDA/APIP/PSMD3/GLUD1/RPS14/RPLP2/PSMB7/RPS27/RPL28/RPLP0/RPL24/RPL39L/RPS7/RPL39/OAZ3/SLC6A12/RPL29/ETHE1/TMLHE/RPL13A/GLUL/QARS1/RPSA/RPS15/FAU/SLC25A21/RPL6/RPS29/RPL26/GNMT/TXNRD1/RPS20/ECHS1/RPL35/RPL38/RPL11/RPS27A/ALDH9A1/ADO/RPS28/RPL8/RPL10A/RPL34/SLC44A1/RPS21/RPS16/CPS1/RPS10/RPLP1/RPL10/PXMP2/PSMB5/HYKK/DIO1/RPL36/MPST/RPL19/FAH/UBA52/RPL27/DIO3/RPS23/RPL27A/OAZ1/RPS3/SQOR/RPL22L1/RPL23A/BCAT1/TYRP1/SDS/RPL14/MRI1/DDC/RPL35A/KYAT3/SEM1/PNMT/RPL41/AFMID/DCT/RPL36A/TYR/SLC45A2/FOLH1/RPS4Y1","reactome","G32A_vs_Ctrl_D65"
"REACTOME_HDACS_DEACETYLATE_HISTONES","REACTOME_HDACS_DEACETYLATE_HISTONES",61,-0.525257494839003,-1.98382858611799,0.000280919116708356,0.0145516102454928,0.012809911721901,5321,"tags=51%, list=25%, signal=38%","PHF21A/MTA1/MBD3/HDAC3/SAP30/H2BC11/SAP18/H3C8/H2BC15/RCOR1/MTA3/H2BC5/RBBP7/H2AC20/H4C9/H2AC6/REST/H3C13/H2AC11/H4C15/SUDS3/HMG20B/H3C10/RBBP4/TBL1X/H2BC6/SAP30L/H4C8/H2BC9/H4C5/H4C11","reactome","G32A_vs_Ctrl_D65"
"REACTOME_FORMATION_OF_THE_BETA_CATENIN_TCF_TRANSACTIVATING_COMPLEX","REACTOME_FORMATION_OF_THE_BETA_CATENIN_TCF_TRANSACTIVATING_COMPLEX",59,-0.527260017830176,-1.97951942935496,0.000351972217659619,0.0175309239180464,0.0154326280050756,3910,"tags=37%, list=19%, signal=30%","CTNNB1/H2BC5/TLE2/H2AC20/H4C9/H2AC6/PYGO2/H2AZ2/H3-3A/H3C13/EP300/H4C15/CREBBP/TCF7L2/H3C10/H2BC6/H4C8/TLE3/H2BC9/H4C5/H4C11/MYC","reactome","G32A_vs_Ctrl_D65"
"REACTOME_SIGNALING_BY_WNT","REACTOME_SIGNALING_BY_WNT",269,-0.330173612396892,-1.56671257549838,0.000405910050332846,0.0194686487104087,0.0171384243473868,5502,"tags=35%, list=26%, signal=26%","SMURF1/ARRB2/AP2A1/NLK/PPP2R1B/PPP2R5E/TMED5/PFN1/PPP2R5B/PSMD13/CLTA/CSNK2A1/GNG12/GNG8/PSMB4/FZD1/PPP2R5D/H2BC11/KREMEN1/PSMA5/LGR5/H3C8/H2BC15/SKP1/PSMD11/AXIN1/PSMD3/ROR2/SOX6/DVL3/SOX3/GNB1/PPP2CB/CTNNB1/WNT10A/PSMB7/RSPO4/H2BC5/TLE2/UBC/AP2S1/GNG5/AP2A2/PPP3R1/CXXC4/H2AC20/H4C9/PLCB2/H2AC6/TNKS2/PYGO2/H2AZ2/RAC1/FZD7/H3-3A/AP2M1/PPP2R5A/PLCB3/RPS27A/VPS35/DVL2/FZD2/WNT1/GNAT2/PSMB5/H3C13/RHOA/GNB2/UBA52/EP300/PRKG2/H4C15/CREBBP/CSNK1G2/CSNK2A2/SFRP2/TCF7L2/GNB4/FZD5/H3C10/RNF43/CTNNBIP1/SNX3/H2BC6/SEM1/H4C8/FZD4/AKT2/TLE3/H2BC9/H4C5/H4C11/MYC","reactome","G32A_vs_Ctrl_D65"
"REACTOME_SARS_COV_INFECTIONS","REACTOME_SARS_COV_INFECTIONS",356,-0.307307459020475,-1.50226044417796,0.000425894378194208,0.0196976149914821,0.017339985397907,6062,"tags=42%, list=29%, signal=30%","NFE2L2/RPS27L/SUMO1/ANO3/RPS24/GANAB/SNRPB/CSNK1A1/YWHAG/ANO8/NUP62/ITGB1/GSK3A/NUP205/NPM1/UBE2N/AP2A1/PPIA/RPS11/CHMP4C/IMPDH2/IRF3/PRMT1/PHF21A/SAR1B/TLR9/MTA1/STT3A/SNRPE/TUFM/MBD3/PARP10/MAGT1/SAP30/SNRPD3/SAP18/GEMIN4/RPS15A/MGAT4C/SH3KBP1/RPS12/GEMIN7/PPIB/OST4/RPS13/NUP58/RPS26/G3BP1/BECN1/S1PR1/DDX5/OSTC/NUP93/RPS14/ANO6/SRPK1/DAD1/PTGES3/UVRAG/RCOR1/MTA3/ST3GAL4/RPS27/UBC/MGAT1/TRAF3/AP2S1/RPS7/RBBP7/GEMIN6/CHMP4B/NRP1/AP2A2/RIPK2/FNTA/MAVS/TLR1/FKBP1A/BRD4/RB1/ZDHHC2/TRIM25/KPNB1/EEF1A1/RPSA/ZDHHC9/RPS15/VHL/FAU/RPS29/REST/AP2M1/RPS20/RPN1/JAK1/RPS27A/KPNA2/NUP43/MAP1LC3B/TAB2/MOGS/BST2/IFNGR2/IL17RA/GPC4/RPS28/PARP8/RIGI/RPS21/RPS16/RPS10/PPIH/PALS1/NDC1/GJA1/NUP35/UBA52/RPS23/ZDHHC20/UBE2I/ST6GAL1/NCK1/NOD2/EP300/RPS3/CREBBP/SUDS3/PRKCSH/SP1/TMEM258/SNRPD2/YWHAQ/PDPK1/RELA/B2M/PCBP2/HMG20B/MGAT5/RBBP4/STAT1/SAP30L/PARP9/AKT2/IFIH1/ISG15/HLA-A/RPS4Y1/TRIM4","reactome","G32A_vs_Ctrl_D65"
"REACTOME_TCF_DEPENDENT_SIGNALING_IN_RESPONSE_TO_WNT","REACTOME_TCF_DEPENDENT_SIGNALING_IN_RESPONSE_TO_WNT",180,-0.365196283360555,-1.64783737044094,0.000460522949393645,0.0205647317056817,0.0181033159416812,4839,"tags=33%, list=23%, signal=25%","PSMB4/FZD1/PPP2R5D/H2BC11/KREMEN1/PSMA5/LGR5/H3C8/H2BC15/PSMD11/AXIN1/PSMD3/SOX6/DVL3/SOX3/PPP2CB/CTNNB1/PSMB7/RSPO4/H2BC5/TLE2/UBC/CXXC4/H2AC20/H4C9/H2AC6/TNKS2/PYGO2/H2AZ2/H3-3A/PPP2R5A/RPS27A/DVL2/FZD2/WNT1/PSMB5/H3C13/UBA52/EP300/H4C15/CREBBP/CSNK1G2/CSNK2A2/SFRP2/TCF7L2/FZD5/H3C10/RNF43/CTNNBIP1/H2BC6/SEM1/H4C8/FZD4/AKT2/TLE3/H2BC9/H4C5/H4C11/MYC","reactome","G32A_vs_Ctrl_D65"
"REACTOME_ACTIVATION_OF_ANTERIOR_HOX_GENES_IN_HINDBRAIN_DEVELOPMENT_DURING_EARLY_EMBRYOGENESIS","REACTOME_ACTIVATION_OF_ANTERIOR_HOX_GENES_IN_HINDBRAIN_DEVELOPMENT_DURING_EARLY_EMBRYOGENESIS",91,-0.448382102077184,-1.8236404417134,0.000483045116413873,0.0207117610043122,0.0182327471389312,4865,"tags=43%, list=23%, signal=33%","HOXA4/HDAC3/H2BC11/RARB/H3C8/H2BC15/PAX6/EED/POLR2J/CNOT6/POLR2D/H2BC5/RBBP7/POLR2E/PAXIP1/H2AC20/H4C9/POLR2I/H2AC6/H2AZ2/H3-3A/POLR2C/PAGR1/H3C13/MEIS1/EP300/H4C15/CREBBP/RARG/H3C10/RBBP4/YY1/H2BC6/JUN/POLR2A/H4C8/H2BC9/H4C5/H4C11","reactome","G32A_vs_Ctrl_D65"
"REACTOME_ANCHORING_OF_THE_BASAL_BODY_TO_THE_PLASMA_MEMBRANE","REACTOME_ANCHORING_OF_THE_BASAL_BODY_TO_THE_PLASMA_MEMBRANE",89,0.439317773388602,1.73211685008215,0.0004958027730762,0.0207117610043122,0.0182327471389312,3889,"tags=33%, list=18%, signal=27%","OFD1/AKAP9/FBF1/CEP290/CENPJ/CEP78/CEP63/AHI1/PCNT/HAUS5/CDK5RAP2/CEP164/CEP192/CNTRL/CEP162/C2CD3/PCM1/NPHP1/RPGRIP1L/CEP250/CEP152/CEP57/CEP72/CC2D2A/CEP83/HAUS3/CEP41/DYNC1H1/CCP110","reactome","G32A_vs_Ctrl_D65"
"REACTOME_INTERFERON_ALPHA_BETA_SIGNALING","REACTOME_INTERFERON_ALPHA_BETA_SIGNALING",51,-0.539512672005046,-1.96613172132426,0.000536005593101841,0.0210341588808147,0.0185165568526091,3710,"tags=41%, list=18%, signal=34%","USP18/UBC/IRF2/KPNB1/JAK1/RPS27A/IFITM3/BST2/IFIT5/UBA52/IFITM1/MX1/IRF5/STAT1/IP6K2/IFI6/EIF2AK2/ADAR/ISG15/OAS3/HLA-A","reactome","G32A_vs_Ctrl_D65"
"REACTOME_TRP_CHANNELS","REACTOME_TRP_CHANNELS",21,0.660465168028861,1.93012166603862,0.000524061658564794,0.0210341588808147,0.0185165568526091,2511,"tags=38%, list=12%, signal=34%","TRPC1/MCOLN2/TRPC3/TRPM5/TRPM7/TRPC5/TRPM8/TRPM4","reactome","G32A_vs_Ctrl_D65"
"REACTOME_ACTIVATED_PKN1_STIMULATES_TRANSCRIPTION_OF_AR_ANDROGEN_RECEPTOR_REGULATED_GENES_KLK2_AND_KLK3","REACTOME_ACTIVATED_PKN1_STIMULATES_TRANSCRIPTION_OF_AR_ANDROGEN_RECEPTOR_REGULATED_GENES_KLK2_AND_KLK3",35,-0.607533415519665,-2.04377311557372,0.000573315598770811,0.0218365794237706,0.0192229347823154,4743,"tags=51%, list=22%, signal=40%","H2BC11/H3C8/H2BC15/H2BC5/H2AC20/H4C9/H2AC6/H2AZ2/H3-3A/H3C13/H4C15/AR/H3C10/H2BC6/H4C8/H2BC9/H4C5/H4C11","reactome","G32A_vs_Ctrl_D65"
"REACTOME_SIRT1_NEGATIVELY_REGULATES_RRNA_EXPRESSION","REACTOME_SIRT1_NEGATIVELY_REGULATES_RRNA_EXPRESSION",38,-0.585340270309963,-2.0068609473024,0.000690035881865857,0.0255313276290367,0.0224754544379165,4807,"tags=53%, list=23%, signal=41%","TAF1B/H2BC11/H3C8/H2BC15/H2BC5/SIRT1/H2AC20/H4C9/H2AC6/H2AZ2/H3-3A/H3C13/H4C15/H3C10/TBP/H2BC6/H4C8/H2BC9/H4C5/H4C11","reactome","G32A_vs_Ctrl_D65"
"REACTOME_DISEASES_OF_PROGRAMMED_CELL_DEATH","REACTOME_DISEASES_OF_PROGRAMMED_CELL_DEATH",70,-0.480611978255372,-1.8653343964917,0.0007100927854573,0.0255436154768668,0.0224862715394812,5340,"tags=43%, list=25%, signal=32%","CDK5/CAPNS1/CAPN1/H2BC11/CDC25C/H3C8/H2BC15/FOXO3/EED/SOD2/H2BC5/RBBP7/H2AC20/H4C9/H2AC6/PRDX1/H2AZ2/H3-3A/H3C13/H4C15/BCL2L11/H3C10/RBBP4/H2BC6/JUN/H4C8/PRDX2/H2BC9/H4C5/H4C11","reactome","G32A_vs_Ctrl_D65"
"REACTOME_RECEPTOR_TYPE_TYROSINE_PROTEIN_PHOSPHATASES","REACTOME_RECEPTOR_TYPE_TYROSINE_PROTEIN_PHOSPHATASES",19,-0.709492507938102,-2.06842641859122,0.000734721139930981,0.0257152398975843,0.0226373540411167,328,"tags=16%, list=2%, signal=16%","LRRC4B/SLITRK2/SLITRK4","reactome","G32A_vs_Ctrl_D65"
"REACTOME_CHROMATIN_MODIFICATIONS_DURING_THE_MATERNAL_TO_ZYGOTIC_TRANSITION_MZT","REACTOME_CHROMATIN_MODIFICATIONS_DURING_THE_MATERNAL_TO_ZYGOTIC_TRANSITION_MZT",38,-0.5825913403613,-1.99743613845075,0.000828043058239028,0.0282188358005143,0.0248412917471709,4743,"tags=53%, list=22%, signal=41%","H2BC11/H3C8/H2BC15/KDM6B/KDM5B/H2BC5/H2AC20/H4C9/H2AC6/H2AZ2/H3-3A/H3C13/H4C15/KDM5A/H3C10/H2BC6/H4C8/H2BC9/H4C5/H4C11","reactome","G32A_vs_Ctrl_D65"
"REACTOME_DEUBIQUITINATION","REACTOME_DEUBIQUITINATION",231,-0.332210081101985,-1.54776620707331,0.000897997992710369,0.0298181384758956,0.0262491720946108,4579,"tags=31%, list=22%, signal=25%","ACTR5/PSMA5/H2BC15/PSMD11/BECN1/ATXN3/AXIN1/PTRH2/USP33/PSMD3/UIMC1/IL33/UFD1/SMAD7/UBE2D1/PSMB7/YOD1/USP18/H2BC5/UBC/TRAF3/INO80E/SMAD1/RIPK2/CCNA2/MAVS/VCPIP1/H2AC20/VDAC2/ASXL2/TRIM25/ATXN7/USP42/H2AC6/TNKS2/STAM/VDAC1/USP44/TGFBR2/USP28/SIAH2/HGS/ACTL6A/SMAD2/FOXO4/RPS27A/BABAM1/UCHL1/RIGI/PSMB5/RHOA/UBA52/RNF128/PTEN/NOD2/EP300/RCE1/H2AC11/SUDS3/AR/MBD6/TNIP1/BARD1/SNX3/YY1/H2BC6/SEM1/MAT2B/IFIH1/H2BC9/MYC/TRIM4","reactome","G32A_vs_Ctrl_D65"
"REACTOME_EVASION_BY_RSV_OF_HOST_INTERFERON_RESPONSES","REACTOME_EVASION_BY_RSV_OF_HOST_INTERFERON_RESPONSES",21,-0.680070112561655,-2.03166570006435,0.000962722489645136,0.0311681406022613,0.0274375909548864,3613,"tags=57%, list=17%, signal=47%","UBC/MAVS/TRIM25/JAK1/RPS27A/RIGI/UBA52/EP300/CREBBP/ELOB/IFIH1/EIF2AK2","reactome","G32A_vs_Ctrl_D65"
"REACTOME_SARS_COV_1_MODULATES_HOST_TRANSLATION_MACHINERY","REACTOME_SARS_COV_1_MODULATES_HOST_TRANSLATION_MACHINERY",31,-0.611243614888822,-2.00325373452245,0.00099931864637747,0.0315638450502152,0.0277859330943979,4698,"tags=68%, list=22%, signal=53%","RPS15A/RPS12/RPS13/RPS26/RPS14/RPS27/RPS7/EEF1A1/RPSA/RPS15/FAU/RPS29/RPS20/RPS27A/RPS28/RPS21/RPS16/RPS10/RPS23/RPS3/RPS4Y1","reactome","G32A_vs_Ctrl_D65"
"REACTOME_OVARIAN_TUMOR_DOMAIN_PROTEASES","REACTOME_OVARIAN_TUMOR_DOMAIN_PROTEASES",35,-0.587625100026032,-1.97680053605323,0.00119249644544329,0.036768640401168,0.0323677606620321,3919,"tags=51%, list=19%, signal=42%","UBE2D1/YOD1/UBC/TRAF3/RIPK2/MAVS/VCPIP1/TRIM25/RPS27A/RIGI/RHOA/UBA52/RNF128/PTEN/NOD2/TNIP1/IFIH1/TRIM4","reactome","G32A_vs_Ctrl_D65"
"REACTOME_CONDENSATION_OF_PROPHASE_CHROMOSOMES","REACTOME_CONDENSATION_OF_PROPHASE_CHROMOSOMES",43,-0.547117304107984,-1.92410552778168,0.00125095559107652,0.0376741276847463,0.0331648691587728,5179,"tags=51%, list=25%, signal=39%","SMC4/NCAPG2/H2BC11/H3C8/H2BC15/CCNB1/H2BC5/H2AC20/RB1/H4C9/H2AC6/H2AZ2/KMT5A/H3-3A/H3C13/H4C15/H3C10/H2BC6/H4C8/H2BC9/H4C5/H4C11","reactome","G32A_vs_Ctrl_D65"
"REACTOME_SARS_COV_2_INFECTION","REACTOME_SARS_COV_2_INFECTION",255,-0.319987717853565,-1.50884586550051,0.00134235395189003,0.0395079174476726,0.0347791705716963,4771,"tags=34%, list=23%, signal=26%","MAGT1/SNRPD3/GEMIN4/RPS15A/MGAT4C/RPS12/GEMIN7/OST4/RPS13/NUP58/RPS26/G3BP1/BECN1/DDX5/OSTC/NUP93/RPS14/ANO6/SRPK1/DAD1/UVRAG/ST3GAL4/RPS27/UBC/MGAT1/TRAF3/RPS7/GEMIN6/CHMP4B/NRP1/RIPK2/MAVS/TLR1/RB1/ZDHHC2/TRIM25/RPSA/ZDHHC9/RPS15/VHL/FAU/RPS29/RPS20/RPN1/JAK1/RPS27A/KPNA2/NUP43/MAP1LC3B/TAB2/MOGS/IL17RA/GPC4/RPS28/PARP8/RIGI/RPS21/RPS16/RPS10/PALS1/NDC1/GJA1/NUP35/UBA52/RPS23/ZDHHC20/UBE2I/ST6GAL1/NOD2/RPS3/CREBBP/PRKCSH/TMEM258/SNRPD2/YWHAQ/PDPK1/B2M/MGAT5/STAT1/PARP9/AKT2/IFIH1/ISG15/HLA-A/RPS4Y1/TRIM4","reactome","G32A_vs_Ctrl_D65"
"REACTOME_REGULATION_OF_ENDOGENOUS_RETROELEMENTS_BY_PIWI_INTERACTING_RNAS_PIRNAS","REACTOME_REGULATION_OF_ENDOGENOUS_RETROELEMENTS_BY_PIWI_INTERACTING_RNAS_PIRNAS",65,-0.471467644805416,-1.80325998810319,0.00155936207914944,0.0438994324456201,0.0386450602223991,5281,"tags=49%, list=25%, signal=37%","MTA1/MBD3/ARID1A/H2BC11/SMARCD2/H3C8/H2BC15/ARID1B/MTA3/H2BC5/RBBP7/H2AC20/H4C9/BCL7C/H2AC6/SMARCC2/H2AZ2/H3-3A/ACTL6A/SS18/H3C13/SMARCE1/H4C15/DPF3/H3C10/RBBP4/H2BC6/H4C8/DPF2/H2BC9/H4C5/H4C11","reactome","G32A_vs_Ctrl_D65"
"REACTOME_MITOTIC_G1_PHASE_AND_G1_S_TRANSITION","REACTOME_MITOTIC_G1_PHASE_AND_G1_S_TRANSITION",131,-0.379307926002286,-1.63666614385976,0.00155570920584749,0.0438994324456201,0.0386450602223991,6588,"tags=47%, list=31%, signal=33%","CDK1/PCNA/RBL1/CCND3/PSMC2/PSMD12/CDC25A/CDC45/TK1/PPP2CA/TYMS/PSMA4/PSMA1/PSMB6/TFDP1/ORC2/RRM2/CDKN1B/RPA3/PPP2R1B/CDK4/MAX/PSMD13/PPP2R2A/ORC1/PSMB4/POLE3/MYBL2/PSMA5/FBXO5/SKP1/PSMD11/PSMD3/RPA1/CCNB1/PPP2CB/PSMB7/DHFR/UBC/CCNA2/RB1/E2F6/E2F5/CCNE1/LIN37/TFDP2/RPS27A/CCNE2/ABL1/CKS1B/CDT1/PSMB5/LIN54/CDK2/UBA52/CABLES1/WEE1/RBBP4/SEM1/AKT2/MYC/POLE4","reactome","G32A_vs_Ctrl_D65"
"REACTOME_CHROMATIN_ORGANIZATION","REACTOME_CHROMATIN_ORGANIZATION",240,-0.320824528783094,-1.5017780533208,0.00165130772918553,0.045498798070112,0.0400529959845001,5617,"tags=35%, list=27%, signal=26%","ELP3/MORF4L2/KDM3B/DPY30/MSL2/CDK4/PRMT1/PHF21A/MTA1/KMT2A/MBD3/ARID1A/KDM4B/KAT7/ENY2/HDAC3/BRPF3/SAP30/H2BC11/SAP18/SMARCD2/TAF5L/H3C8/H2BC15/EED/KDM6B/PAX3/BRD1/KDM5B/ARID1B/SAP130/ARID5B/RCOR1/MTA3/JADE3/H2BC5/RBBP7/VPS72/DR1/H2AC20/H4C9/ATXN7/KDM3A/BCL7C/H2AC6/SMARCC2/H2AZ2/KMT5A/ING3/MECOM/ACTL6A/REST/SUV39H2/SS18/SETD7/H3C13/SMARCE1/ELP4/JADE1/SMYD3/MRGBP/EP300/H2AC11/ARID2/H4C15/KANSL3/CREBBP/SUDS3/JMJD6/DPF3/SGF29/KDM5A/RELA/HMG20B/H3C10/RBBP4/TBL1X/H2BC6/SAP30L/H4C8/DPF2/H2BC9/KDM2A/H4C5/H4C11","reactome","G32A_vs_Ctrl_D65"
"REACTOME_DNA_REPLICATION_PRE_INITIATION","REACTOME_DNA_REPLICATION_PRE_INITIATION",117,-0.392878670079146,-1.66524644432558,0.00168943734391068,0.0455796116742569,0.0401241369178787,4902,"tags=35%, list=23%, signal=27%","ORC1/PSMB4/POLE3/H2BC11/CDC23/PSMA5/H3C8/H2BC15/PSMD11/UBE2C/PSMD3/RPA1/UBE2D1/PSMB7/H2BC5/UBC/H2AC20/H4C9/KPNB1/H2AC6/UBE2E1/H2AZ2/H3-3A/RPS27A/UBE2S/CDT1/PSMB5/H3C13/CDK2/UBA52/H4C15/ANAPC15/H3C10/H2BC6/FZR1/SEM1/H4C8/H2BC9/H4C5/H4C11/POLE4","reactome","G32A_vs_Ctrl_D65"
"REACTOME_AMYLOID_FIBER_FORMATION","REACTOME_AMYLOID_FIBER_FORMATION",68,-0.462239114964451,-1.78356230603369,0.00172736092378316,0.0456516815571263,0.0401875806757714,4498,"tags=41%, list=21%, signal=33%","H2BC11/H3C8/H2BC15/ITM2B/TSPAN15/H2BC5/UBC/TSPAN5/H2AC20/H4C9/H2AC6/H2AZ1/APH1A/SIAH2/H3-3A/SIAH1/RPS27A/GGA2/H3C13/UBA52/H4C15/B2M/H3C10/H2BC6/H4C8/H2BC9/H4C5/H4C11","reactome","G32A_vs_Ctrl_D65"
"REACTOME_CELLULAR_RESPONSE_TO_CHEMICAL_STRESS","REACTOME_CELLULAR_RESPONSE_TO_CHEMICAL_STRESS",171,-0.352870295437611,-1.58147711714521,0.00178298522669384,0.0461793173713703,0.0406520631686195,4563,"tags=30%, list=22%, signal=24%","PSMA5/SKP1/MAFG/PSMD11/SOD2/PSMD3/GPX1/UFD1/P4HB/COX7C/PSMB7/COX6A1/UBC/COX8A/PGD/GSTP1/GCLM/PRDX1/NOX4/TXNRD1/COX7A2L/RPS27A/HM13/MAP1LC3B/SOD1/SIN3A/TXN/PSMB5/COX7B/UBA52/ATF4/GPX3/TRIM21/EP300/ERO1A/CREBBP/EIF2AK3/HMOX1/COX4I1/SP1/CSNK2A2/TALDO1/RELA/TKT/TBL1X/SEM1/AKT2/AQP8/PRDX2/GPX2/MYC","reactome","G32A_vs_Ctrl_D65"
"REACTOME_DEPOSITION_OF_NEW_CENPA_CONTAINING_NUCLEOSOMES_AT_THE_CENTROMERE","REACTOME_DEPOSITION_OF_NEW_CENPA_CONTAINING_NUCLEOSOMES_AT_THE_CENTROMERE",49,-0.51281398280101,-1.85372352206219,0.00185972987423577,0.0472225526889278,0.0415704324829172,4743,"tags=43%, list=22%, signal=33%","H2BC11/CENPW/H2BC15/CENPS/MIS18A/CENPX/H2BC5/RBBP7/H2AC20/H4C9/H2AC6/H2AZ2/CENPA/CENPT/H4C15/RBBP4/H2BC6/H4C8/H2BC9/H4C5/H4C11","reactome","G32A_vs_Ctrl_D65"
"REACTOME_INTERFERON_GAMMA_SIGNALING","REACTOME_INTERFERON_GAMMA_SIGNALING",66,-0.462529460553694,-1.77363103595022,0.00198990832208088,0.048621344850844,0.0428018016447585,4318,"tags=32%, list=20%, signal=25%","IRF1/CAMK2D/SMAD7/IRF2/TRIM25/PIAS1/MT2A/MID1/PTAFR/YBX1/JAK1/IFNGR2/SP100/PML/TRIM17/TRIM21/B2M/IRF5/STAT1/OAS3/HLA-A","reactome","G32A_vs_Ctrl_D65"
"REACTOME_TRANSCRIPTIONAL_REGULATION_BY_RUNX3","REACTOME_TRANSCRIPTIONAL_REGULATION_BY_RUNX3",78,-0.439999749328844,-1.74117638878357,0.00195643356476511,0.048621344850844,0.0428018016447585,5887,"tags=45%, list=28%, signal=32%","PSMA4/PSMA1/WWTR1/PSMB6/SMURF1/TEAD4/PSMD13/PSMB4/JAG1/RBPJ/PSMA5/PSMD11/FOXO3/PSMD3/ZFHX3/CTNNB1/PSMB7/UBC/TEAD1/CBFB/HDAC4/MAML3/RPS27A/TEAD2/PSMB5/UBA52/YAP1/EP300/CREBBP/SNW1/TCF7L2/BCL2L11/HES1/SEM1/MYC","reactome","G32A_vs_Ctrl_D65"
"WP_CYTOPLASMIC_RIBOSOMAL_PROTEINS","WP_CYTOPLASMIC_RIBOSOMAL_PROTEINS",80,-0.619353532380138,-2.46321290751121,5.54734651643113e-09,3.91642664060038e-06,3.62037351598663e-06,5104,"tags=69%, list=24%, signal=52%","RPL13/RPL23/RPL21/RPL32/RPS15A/RPS12/RPS13/RPS26/RPL18/RPL15/RPL37/RPL7/RPS14/RPLP2/RPS27/RPL28/RPLP0/RPL24/RPS7/RPL39/RPL29/RPL13A/RPSA/RPS15/FAU/RPL6/RPS29/RPL26/RPS20/RPL35/RPL38/RPL11/RPS27A/RPS28/RPL8/RPL10A/RPL34/RPS21/RPS16/RPS10/RPLP1/RPL10/RPL36/RPL19/UBA52/RPL27/RPS23/RPL27A/RPS3/RPL23A/RPL14/RPL35A/RPL41/RPL36A/RPS4Y1","wiki","G32A_vs_Ctrl_D65"
"WP_AEROBIC_GLYCOLYSIS_AUGMENTED","WP_AEROBIC_GLYCOLYSIS_AUGMENTED",11,-0.874494864116693,-2.19359989174926,1.5720896184817e-05,0.00554947635324041,0.0051299766497824,1805,"tags=82%, list=9%, signal=75%","SLC2A1/PKM/TPI1/HK1/GAPDH/ENO1/GPI/PGK1/ALDOA","wiki","G32A_vs_Ctrl_D65"
"WP_CORI_CYCLE","WP_CORI_CYCLE",12,-0.840496087671739,-2.1589053730667,8.48341113164038e-05,0.0119785765178762,0.0110730840034043,1805,"tags=75%, list=9%, signal=69%","SLC2A1/TPI1/HK1/PGAM1/GAPDH/TALDO1/GPI/PGK1/ALDOA","wiki","G32A_vs_Ctrl_D65"
"WP_CLEAR_CELL_RENAL_CELL_CARCINOMA_PATHWAYS","WP_CLEAR_CELL_RENAL_CELL_CARCINOMA_PATHWAYS",78,-0.499153746492487,-1.97530457037026,7.99012078395194e-05,0.0119785765178762,0.0110730840034043,2890,"tags=28%, list=14%, signal=24%","VHL/AKT1S1/PGM2/SLC2A1/ARNT/PKM/TPI1/HK1/PTEN/EP300/MLST8/CREBBP/GRB10/GAPDH/HK3/SDS/ENO1/KDR/GPI/PGK1/HK2/ALDOA","wiki","G32A_vs_Ctrl_D65"
"WP_CILIOPATHIES","WP_CILIOPATHIES",178,0.391934335868387,1.70824455764165,5.93384428797362e-05,0.0119785765178762,0.0110730840034043,6768,"tags=48%, list=32%, signal=33%","OFD1/NEK9/GLIS2/WDPCP/CEP290/CPLANE1/TMEM17/HYLS1/CEP78/CFAP410/BBS10/RPGRIP1/PKHD1/EFHC1/AHI1/IFT172/DYNC2LI1/KIF7/ODAD2/CEP164/KIAA0586/DCDC2/ARL6/TBC1D32/C2CD3/NPHP1/RPGRIP1L/TAPT1/GAS8/ODAD4/IFT27/TTC8/NME9/USP9X/HYDIN/DDX59/PIK3R4/INVS/BBS4/CC2D2A/CEP83/CEP41/KATNIP/KIAA0753/ANKS6/DNAI1/AK7/IFT122/NME7/CSPP1/TCTN1/WDR19/CCDC103/INTU/IFT43/BBS1/DYNC2I1/MKS1/BBS5/DNAAF1/MAK/RSPH4A/BBS7/TTC21B/PDE6D/PIBF1/LCA5/ATXN10/CFAP418/CFAP52/DRC1/TMEM231/INPP5E/IQCB1/DNAAF3/CCNO/XPNPEP3/UNC119/ODAD1/NEK1/PKD1L1/CEP120/ODAD3/EVC2/FAM161A/TMEM67","wiki","G32A_vs_Ctrl_D65"
"SIG_PIP3_SIGNALING_IN_CARDIAC_MYOCTES","SIG_PIP3_SIGNALING_IN_CARDIAC_MYOCTES",60,-0.483851178901379,-1.82183153834781,0.00157099981241793,0.0267069968111049,0.0231515761830011,6215,"tags=52%, list=29%, signal=37%","YWHAZ/CREB5/YWHAG/GSK3A/CDKN1B/NOLC1/F2RL2/PTK2/SHC1/PREX1/CDC42/PAK3/FOXO3/CREB3/PAK4/ERBB4/IRS2/CREB1/GAB1/BAD/PARD3/EBP/MET/CDK2/PTEN/YWHAQ/PDPK1/INPPL1/PAK2/AKT2/MYC","canon","G32A_vs_Ctrl_D65"
"SYNGO:presyn_ribosome","SynGO: presynaptic ribosome",51,-0.683596960420395,-2.49238759914907,4.4706059013548e-08,7.15296944216768e-07,6.11767123343288e-07,5104,"tags=78%, list=24%, signal=60%","RPL13/RPL23/RPL32/RPS15A/RPS12/RPS13/RPS26/RPL18/RPL15/RPL37/RPL7/RPS14/RPLP2/RPS27/RPL28/RPLP0/RPL24/RPL29/RPL13A/RPL6/RPL26/RPL35/RPL38/RPL11/RPS27A/RPS28/RPL8/RPL10A/RPL34/RPS16/RPS10/RPL10/RPL36/UBA52/RPL27/RPL27A/RPL23A/RPL14/RPL35A/RPL36A","syngo","G32A_vs_Ctrl_D65"
"SYNGO:postsyn_ribosome","SynGO: postsynaptic ribosome",65,-0.649728323261057,-2.48502109703243,3.05150903227387e-08,7.15296944216768e-07,6.11767123343288e-07,5104,"tags=75%, list=24%, signal=57%","RPL13/RPL23/RPL21/RPL32/RPS15A/RPS12/RPS13/RPS26/RPL18/RPL15/RPL37/RPL7/RPS14/RPLP2/RPS27/RPL28/RPLP0/RPL24/RPS7/RPL29/RPL13A/RPSA/RPS15/RPL6/RPL26/RPS20/RPL35/RPL38/RPL11/RPS27A/RPS28/RPL8/RPL10A/RPL34/RPS21/RPS16/RPS10/RPLP1/RPL10/RPL36/UBA52/RPL27/RPS23/RPL27A/RPS3/RPL23A/RPL14/RPL35A/RPL36A","syngo","G32A_vs_Ctrl_D65"
"GO:0045202","SynGO: synapse",264,-0.396330352365786,-1.8744316624354,4.8030730302049e-07,5.12327789888522e-06,4.38175083457289e-06,5478,"tags=43%, list=26%, signal=32%","RPS11/SPARC/PPP2R1B/ADORA2B/PLD1/NTN1/RTN3/TUFM/RPL13/RPL23/CDH9/HNRNPLL/RPS6KA4/HNRNPUL1/GNG12/PPP2R2A/RPL21/RPL32/RPS15A/EEF2/SH3KBP1/RPS12/RPS13/RPS26/RPL18/AXIN1/RPL15/RPL37/RPL7/EIF3D/SNX14/RPS14/DVL3/EIF3F/EIF2S2/RPLP2/GNB1/EIF3I/PPFIA4/TBC1D24/RPS27/RPL28/RPLP0/RPL24/AP2S1/RPS7/FLOT2/AP2A2/PPP3R1/VCPIP1/FKBP1A/RPL29/RPL13A/ARPC1A/FUBP1/RPSA/CNNM2/WIPF3/RPS15/EIF5/SH3GL1/RPL6/USP46/YBX1/PURG/RPL26/RANBP6/AP2M1/RPS20/RHOB/PABPC1/RPL35/RPL38/RPL11/RPS27A/HNRNPF/CDH23/GPC4/RPS28/RPL8/RPL10A/RPL34/RPS21/RPS16/WASF2/RPS10/RPLP1/RPL10/RAB1B/RAB21/RPL36/EIF2S3/GNB2/PGRMC2/RPL19/UBA52/RPL27/RPS23/GDI2/RPL27A/RPS3/AKR1A1/PLCXD3/YWHAQ/RELA/RPL23A/GNB4/FZD5/RPL14/TPD52/RPL35A/FZD4/RPL36A","syngo","G32A_vs_Ctrl_D65"
